week_number,open_next,close_next,diff_next,indicator
0,332.5,313.82,-18.680000000000007,0
1,313.82,270.16,-43.65999999999997,0
2,270.16,270.01,-0.1500000000000341,0
3,270.01,209.49,-60.51999999999998,0
4,209.49,281.82,72.32999999999998,1
5,281.82,223.0,-58.81999999999999,0
6,223.0,222.15,-0.8499999999999943,0
7,222.15,233.8,11.650000000000006,1
8,233.8,236.49,2.6899999999999977,1
9,236.49,259.19,22.69999999999999,1
10,259.19,279.76,20.569999999999993,1
11,279.76,291.33,11.569999999999993,1
12,291.33,267.91,-23.41999999999996,0
13,267.91,245.25,-22.660000000000025,0
14,245.25,257.66,12.410000000000025,1
15,257.66,235.68,-21.980000000000018,0
16,235.68,222.07,-13.610000000000014,0
17,222.07,220.37,-1.6999999999999886,0
18,220.37,241.06,20.689999999999998,1
19,241.06,239.43,-1.6299999999999955,0
20,239.43,235.84,-3.5900000000000034,0
21,235.84,241.08,5.240000000000009,1
22,241.08,231.1,-9.980000000000018,0
23,231.1,224.19,-6.909999999999997,0
24,224.19,235.25,11.060000000000002,1
25,235.25,244.45,9.199999999999989,1
26,244.45,249.12,4.670000000000016,1
27,249.12,268.77,19.649999999999977,1
28,268.77,301.87,33.10000000000002,1
29,301.87,275.72,-26.149999999999977,0
30,275.72,290.03,14.309999999999945,1
31,290.03,280.18,-9.849999999999966,0
32,280.18,264.56,-15.620000000000005,0
33,264.56,258.99,-5.569999999999993,0
34,258.99,220.54,-38.45000000000002,0
35,220.54,226.83,6.2900000000000205,1
36,226.83,239.54,12.70999999999998,1
37,239.54,229.26,-10.280000000000001,0
38,229.26,227.3,-1.9599999999999795,0
39,227.3,236.88,9.579999999999984,1
40,236.88,238.36,1.4800000000000182,1
41,238.36,247.42,9.059999999999974,1
42,247.42,261.51,14.090000000000003,1
43,261.51,282.84,21.329999999999984,1
44,282.84,323.1,40.26000000000005,1
45,323.1,369.04,45.94,1
46,369.04,319.84,-49.200000000000045,0
47,319.84,322.2,2.3600000000000136,1
48,322.2,381.33,59.129999999999995,1
49,381.33,390.63,9.300000000000011,1
50,390.63,434.76,44.129999999999995,1
51,434.76,437.28,2.519999999999982,1
52,437.28,428.43,-8.849999999999966,0
53,428.43,431.57,3.1399999999999864,1
54,431.57,447.7,16.129999999999995,1
55,447.7,376.34,-71.36000000000001,0
56,376.34,397.23,20.890000000000043,1
57,397.23,375.17,-22.060000000000002,0
58,375.17,380.54,5.3700000000000045,1
59,380.54,408.91,28.370000000000005,1
60,408.91,435.19,26.279999999999973,1
61,435.19,436.59,1.3999999999999773,1
62,436.59,406.93,-29.659999999999968,0
63,406.93,415.03,8.099999999999966,1
64,415.03,410.51,-4.519999999999982,0
65,410.51,423.89,13.379999999999995,1
66,423.89,419.66,-4.229999999999961,0
67,419.66,420.23,0.5699999999999932,1
68,420.23,427.77,7.539999999999964,1
69,427.77,455.64,27.870000000000005,1
70,455.64,452.54,-3.099999999999966,0
71,452.54,456.43,3.8899999999999864,1
72,456.43,456.1,-0.3299999999999841,0
73,456.1,441.2,-14.900000000000034,0
74,441.2,522.77,81.57,1
75,522.77,579.85,57.08000000000004,1
76,579.85,664.7,84.85000000000002,1
77,664.7,757.95,93.25,1
78,757.95,638.19,-119.75999999999999,0
79,638.19,669.32,31.129999999999995,1
80,669.32,645.93,-23.3900000000001,0
81,645.93,678.93,33.0,1
82,678.93,658.74,-20.18999999999994,0
83,658.74,623.86,-34.879999999999995,0
84,623.86,587.33,-36.52999999999997,0
85,587.33,569.24,-18.090000000000032,0
86,569.24,581.66,12.419999999999959,1
87,581.66,575.3,-6.360000000000014,0
88,575.3,608.51,33.210000000000036,1
89,608.51,608.86,0.35000000000002274,1
90,608.86,609.34,0.4800000000000182,1
91,609.34,601.24,-8.100000000000023,0
92,601.24,612.41,11.169999999999959,1
93,612.41,617.55,5.139999999999986,1
94,617.55,638.05,20.5,1
95,638.05,651.41,13.360000000000014,1
96,651.41,694.49,43.08000000000004,1
97,694.49,704.28,9.789999999999964,1
98,704.28,702.5,-1.7799999999999727,0
99,702.5,733.57,31.07000000000005,1
100,733.57,734.13,0.5599999999999454,1
101,734.13,756.27,22.139999999999986,1
102,756.27,770.17,13.899999999999977,1
103,770.17,795.76,25.590000000000032,1
104,795.76,894.45,98.69000000000005,1
105,894.45,1006.08,111.63,1
106,1006.08,891.69,-114.38999999999999,0
107,891.69,832.8,-58.8900000000001,0
108,832.8,920.73,87.93000000000006,1
109,920.73,918.79,-1.9400000000000546,0
110,918.79,1021.86,103.07000000000005,1
111,1021.86,1004.76,-17.100000000000023,0
112,1004.76,1051.69,46.930000000000064,1
113,1051.69,1175.25,123.55999999999995,1
114,1175.25,1269.06,93.80999999999995,1
115,1269.06,1224.15,-44.909999999999854,0
116,1224.15,1028.05,-196.10000000000014,0
117,1028.05,979.62,-48.42999999999995,0
118,979.62,1128.98,149.36,1
119,1128.98,1205.37,76.38999999999987,1
120,1205.37,1178.51,-26.8599999999999,0
121,1178.51,1246.51,68.0,1
122,1246.51,1375.78,129.26999999999998,1
123,1375.78,1593.63,217.85000000000014,1
124,1593.63,1729.08,135.44999999999982,1
125,1729.08,2157.26,428.1800000000003,1
126,2157.26,2200.18,42.91999999999962,1
127,2200.18,2587.54,387.3600000000001,1
128,2587.54,2940.84,353.3000000000002,1
129,2940.84,2597.97,-342.87000000000035,0
130,2597.97,2501.32,-96.64999999999964,0
131,2501.32,2526.38,25.059999999999945,1
132,2526.38,2516.95,-9.430000000000291,0
133,2516.95,2026.39,-490.5599999999997,0
134,2026.39,2728.81,702.4199999999998,1
135,2728.81,2750.62,21.809999999999945,1
136,2750.62,3251.68,501.05999999999995,1
137,3251.68,4090.43,838.75,1
138,4090.43,4003.22,-87.21000000000004,0
139,4003.22,4256.52,253.30000000000064,1
140,4256.52,4530.51,273.9899999999998,1
141,4530.51,4185.54,-344.97000000000025,0
142,4185.54,3929.42,-256.1199999999999,0
143,3929.42,3778.45,-150.97000000000025,0
144,3778.45,4448.85,670.4000000000005,1
145,4448.85,4557.54,108.6899999999996,1
146,4557.54,5660.42,1102.88,1
147,5660.69,5861.65,200.96000000000004,1
148,5861.65,6138.15,276.5,1
149,6138.15,7313.01,1174.8600000000006,1
150,7314.19,6297.43,-1016.7599999999993,0
151,6296.33,8027.09,1730.7600000000002,1
152,8027.09,9644.21,1617.119999999999,1
153,9643.66,11452.31,1808.6499999999996,1
154,11452.34,16719.11,5266.77,1
155,16719.11,18964.87,2245.7599999999984,1
156,18964.87,13714.7,-5250.169999999998,0
157,13714.7,13850.58,135.8799999999992,1
158,13848.13,15857.27,2009.1400000000012,1
159,15856.74,13794.78,-2061.959999999999,0
160,13793.17,11644.3,-2148.870000000001,0
161,11643.97,11344.36,-299.60999999999876,0
162,11344.8,8094.1,-3250.699999999999,0
163,8094.03,8435.95,341.920000000001,1
164,8435.79,10508.12,2072.33,1
165,10508.15,9452.48,-1055.67,0
166,9452.48,11546.05,2093.5699999999997,1
167,11546.19,9609.7,-1936.4899999999998,0
168,9609.65,8297.23,-1312.42,0
169,8297.23,8467.12,169.89000000000124,1
170,8467.12,6911.01,-1556.1100000000006,0
171,6911.01,7145.3,234.28999999999996,1
172,7145.32,8116.1,970.7800000000007,1
173,8116.11,8931.33,815.2200000000003,1
174,8933.48,9312.26,378.78000000000065,1
175,9313.01,9370.51,57.5,1
176,9370.22,8397.69,-972.5299999999988,0
177,8397.73,8559.76,162.03000000000065,1
178,8559.76,7229.84,-1329.92,0
179,7229.84,7596.56,366.72000000000025,1
180,7596.73,6753.58,-843.1499999999996,0
181,6753.58,6455.55,-298.02999999999975,0
182,6455.6,6177.03,-278.5700000000006,0
183,6177.03,6306.65,129.6199999999999,1
184,6306.65,6714.61,407.96000000000004,1
185,6714.66,6381.1,-333.5599999999995,0
186,6381.1,7677.81,1296.71,1
187,7677.81,8137.26,459.4499999999998,1
188,8137.26,7088.41,-1048.8500000000004,0
189,7090.32,6427.08,-663.2399999999998,0
190,6427.25,6456.24,28.98999999999978,1
191,6456.5,6734.2,277.6999999999998,1
192,6736.4,7253.2,516.8000000000002,1
193,7253.22,6329.53,-923.6900000000005,0
194,6329.53,6492.49,162.96000000000004,1
195,6492.42,6645.91,153.48999999999978,1
196,6645.91,6630.55,-15.359999999999673,0
197,6630.56,6585.43,-45.13000000000011,0
198,6585.43,7044.61,459.1799999999994,1
199,7044.61,6521.31,-523.2999999999993,0
200,6521.74,6475.53,-46.210000000000036,0
201,6475.86,6452.65,-23.210000000000036,0
202,6452.65,6404.6,-48.04999999999927,0
203,6404.6,5444.67,-959.9300000000003,0
204,5444.56,4102.49,-1342.0700000000006,0
205,4102.49,4003.09,-99.39999999999964,0
206,4003.09,3538.41,-464.6800000000003,0
207,3538.41,3274.09,-264.3199999999997,0
208,3274.09,4250.64,976.5500000000002,1
209,4250.64,3850.4,-400.24000000000024,0
210,3850.4,4087.62,237.2199999999998,1
211,4087.62,3579.81,-507.80999999999995,0
212,3579.81,3568.81,-11.0,0
213,3568.81,3462.74,-106.07000000000016,0
214,3462.74,3450.64,-12.099999999999909,0
215,3450.64,3630.13,179.49000000000024,1
216,3630.13,3743.71,113.57999999999993,1
217,3743.71,3816.77,73.05999999999995,1
218,3816.77,3754.42,-62.34999999999991,0
219,3754.42,3905.29,150.8699999999999,1
220,3905.29,3987.88,82.59000000000015,1
221,3987.88,3998.5,10.61999999999989,1
222,3998.5,4143.78,145.27999999999975,1
223,4143.78,5277.57,1133.79,1
224,5277.57,5175.51,-102.05999999999949,0
225,5175.51,5297.45,121.9399999999996,1
226,5297.45,5293.31,-4.139999999999418,0
227,5293.31,5697.7,404.3899999999994,1
228,5697.7,7073.37,1375.67,1
229,7073.37,7894.0,820.6300000000001,1
230,7894.0,8753.03,859.0300000000007,1
231,8753.03,8521.52,-231.51000000000022,0
232,8521.52,7711.07,-810.4500000000007,0
233,7711.07,9140.95,1429.880000000001,1
234,9140.95,10720.67,1579.7199999999993,1
235,10720.67,10899.9,179.22999999999956,1
236,10899.9,11431.55,531.6499999999996,1
237,11431.55,10173.36,-1258.1899999999987,0
238,10173.36,10603.17,429.8099999999995,1
239,10603.17,9593.05,-1010.1200000000008,0
240,9593.05,11619.32,2026.2700000000004,1
241,11619.32,11370.29,-249.02999999999884,0
242,11370.29,10478.5,-891.7900000000009,0
243,10478.5,10377.9,-100.60000000000036,0
244,10377.9,9766.21,-611.6900000000005,0
245,9766.21,10285.66,519.4500000000007,1
246,10285.66,10347.16,61.5,1
247,10347.16,9933.94,-413.21999999999935,0
248,9933.94,7774.25,-2159.6900000000005,0
249,7774.25,7856.76,82.51000000000022,1
250,7856.76,8347.31,490.5499999999993,1
251,8347.31,8264.51,-82.79999999999927,0
252,8264.51,9467.95,1203.4400000000005,1
253,9467.95,9196.41,-271.5400000000009,0
254,9196.41,8796.94,-399.46999999999935,0
255,8796.94,8466.66,-330.28000000000065,0
256,8466.66,6679.31,-1787.3499999999995,0
257,6679.31,7271.66,592.3499999999995,1
258,7271.66,7541.2,269.53999999999996,1
259,7541.2,7104.48,-436.72000000000025,0
260,7104.48,7489.42,384.9400000000005,1
261,7489.42,7379.38,-110.03999999999996,0
262,7379.38,7519.64,140.26000000000022,1
263,7519.64,8062.16,542.5199999999995,1
264,8062.16,8670.77,608.6100000000006,1
265,8670.77,8645.28,-25.48999999999978,0
266,8645.28,9391.28,746.0,1
267,9391.28,9948.67,557.3899999999994,1
268,9948.67,9786.25,-162.42000000000007,0
269,9786.25,9740.52,-45.72999999999956,0
270,9740.52,8650.04,-1090.4799999999996,0
271,8650.04,7900.95,-749.090000000001,0
272,7900.95,5032.47,-2868.4799999999996,0
273,5032.47,5933.0,900.5299999999997,1
274,5933.0,6238.4,305.39999999999964,1
275,6238.4,7094.59,856.1900000000005,1
276,7094.59,6749.04,-345.5500000000002,0
277,6749.04,7178.92,429.8800000000001,1
278,7178.92,7664.27,485.35000000000036,1
279,7664.27,8637.68,973.4099999999999,1
280,8637.68,8688.24,50.55999999999949,1
281,8688.24,9775.86,1087.6200000000008,1
282,9775.86,8793.5,-982.3600000000006,0
283,8793.5,9532.78,739.2800000000007,1
284,9532.78,9731.41,198.6299999999992,1
285,9731.41,9041.97,-689.4400000000005,0
286,9041.97,9414.92,372.9500000000007,1
287,9414.92,9085.12,-329.7999999999993,0
288,9085.12,9224.17,139.04999999999927,1
289,9224.17,9262.62,38.45000000000073,1
290,9262.62,9184.44,-78.18000000000029,0
291,9184.44,10284.82,1100.3799999999992,1
292,10284.82,11191.93,907.1100000000006,1
293,11191.93,12002.92,810.9899999999998,1
294,12002.92,11806.61,-196.3099999999995,0
295,11806.61,11754.89,-51.720000000001164,0
296,11754.89,11680.78,-74.10999999999876,0
297,11680.78,10087.27,-1593.5100000000002,0
298,10087.27,10369.13,281.85999999999876,1
299,10369.13,10952.37,583.2400000000016,1
300,10952.37,10874.95,-77.42000000000007,0
301,10874.95,10647.08,-227.8700000000008,0
302,10647.08,11337.45,690.3700000000008,1
303,11337.45,11454.98,117.52999999999884,1
304,11454.98,13087.68,1632.7000000000007,1
305,13087.68,13736.74,649.0599999999995,1
306,13736.74,15397.82,1661.08,1
307,15397.82,16237.53,839.710000000001,1
308,16237.53,18529.23,2291.699999999999,1
309,18529.23,18548.03,18.799999999999272,1
310,18548.03,19305.88,757.8500000000022,1
311,19305.88,19205.71,-100.17000000000189,0
312,19205.71,23906.79,4701.080000000002,1
313,23906.79,27030.93,3124.1399999999994,1
314,27030.93,33353.08,6322.1500000000015,1
315,33258.06,32869.3,-388.75999999999476,0
316,32869.3,35186.21,2316.909999999996,1
317,35186.21,33489.35,-1696.8600000000006,0
318,33489.35,33546.55,57.200000000004366,1
319,33546.55,39051.1,5504.549999999996,1
320,39051.1,46944.63,7893.529999999999,1
321,46944.63,56045.03,9100.400000000001,1
322,56045.03,45926.96,-10118.07,0
323,45926.96,50309.58,4382.620000000003,1
324,50309.58,58755.01,8445.43,1
325,58755.01,57686.24,-1068.770000000004,0
326,57686.24,55385.95,-2300.290000000001,0
327,55385.95,57171.12,1785.1700000000055,1
328,57171.12,60803.64,3632.519999999997,1
329,60803.64,57336.15,-3467.489999999998,0
330,57336.15,52933.84,-4402.310000000005,0
331,52933.84,57962.06,5028.220000000001,1
332,57962.06,58905.51,943.4500000000044,1
333,58905.51,44364.58,-14540.93,0
334,44364.58,36177.92,-8186.6600000000035,0
335,36177.92,35081.11,-1096.8099999999977,0
336,35081.11,36085.4,1004.2900000000009,1
337,36085.4,39598.33,3512.9300000000003,1
338,39598.33,32787.33,-6811.0,0
339,32787.33,34539.31,1751.979999999996,1
340,34539.31,34316.03,-223.27999999999884,0
341,34316.03,34385.77,69.73999999999796,1
342,34385.77,31815.96,-2569.8099999999977,0
343,31815.96,38656.74,6840.779999999999,1
344,38656.74,40282.43,1625.6900000000023,1
345,40282.43,43489.19,3206.760000000002,1
346,43489.19,47372.05,3882.8600000000006,1
347,47372.05,50191.63,2819.5799999999945,1
348,50191.63,47989.18,-2202.449999999997,0
349,47989.18,51868.87,3879.6900000000023,1
350,51868.87,44833.13,-7035.740000000005,0
351,44833.13,45637.44,804.310000000005,1
352,45637.44,43780.95,-1856.4900000000052,0
353,43780.95,47752.03,3971.0800000000017,1
354,47752.03,56687.48,8935.450000000004,1
355,56687.48,62251.19,5563.709999999999,1
356,62251.19,62032.11,-219.08000000000175,0
357,62032.11,60764.14,-1267.9700000000012,0
358,60764.14,65957.41,5193.270000000004,1
359,65957.41,65684.39,-273.0200000000041,0
360,65684.39,57377.79,-8306.599999999999,0
361,57377.79,57487.4,109.61000000000058,1
362,57487.4,48231.77,-9255.630000000005,0
363,48231.77,48985.67,753.9000000000015,1
364,48985.67,46587.94,-2397.729999999996,0
365,46587.94,50960.97,4373.029999999999,1
366,50960.97,46934.27,-4026.7000000000044,0
367,46934.27,41934.28,-4999.989999999998,0
368,41934.28,42775.62,841.3400000000038,1
369,42775.62,35284.6,-7491.020000000004,0
370,35284.6,36922.85,1638.25,1
371,36922.85,42793.03,5870.18,1
372,42793.03,42207.03,-586.0,0
373,42207.03,39232.73,-2974.2999999999956,0
374,39232.73,37988.12,-1244.6100000000006,0
375,37988.12,38177.51,189.38999999999942,1
376,38177.51,38654.18,476.66999999999825,1
377,38654.18,40862.38,2208.199999999997,1
378,40862.38,46918.75,6056.370000000003,1
379,46918.75,46215.82,-702.9300000000003,0
380,46215.82,42266.66,-3949.159999999996,0
381,42266.66,39002.31,-3264.350000000006,0
382,39002.31,38647.39,-354.91999999999825,0
383,38647.39,38931.14,283.75,1
384,38931.14,33565.17,-5365.970000000001,0
385,33565.17,29539.64,-4025.529999999999,0
386,29539.64,30459.1,919.4599999999991,1
387,30459.1,30687.3,228.20000000000073,1
388,30687.3,31259.33,572.0300000000025,1
389,31259.33,25292.72,-5966.610000000001,0
390,25292.72,20115.53,-5177.190000000002,0
391,20115.53,21258.16,1142.630000000001,1
392,21258.16,19074.73,-2183.4300000000003,0
393,19074.73,20388.82,1314.0900000000001,1
394,20388.82,22195.08,1806.260000000002,1
395,22195.08,21914.11,-280.97000000000116,0
396,21914.11,23228.97,1314.8600000000006,1
397,23228.97,23739.38,510.40999999999985,1
398,23739.38,24152.57,413.1899999999987,1
399,24152.57,21354.29,-2798.279999999999,0
400,21354.29,19852.31,-1501.9799999999996,0
401,19852.31,19785.31,-67.0,0
402,19785.31,21824.06,2038.75,1
403,21824.06,18480.77,-3343.290000000001,0
404,18480.77,18706.95,226.1800000000003,1
405,18706.95,19195.84,488.8899999999994,1
406,19195.84,19393.49,197.65000000000146,1
407,19393.49,19241.92,-151.57000000000335,0
408,19241.92,19294.9,52.9800000000032,1
409,19294.9,20518.82,1223.9199999999983,1
410,20518.82,20862.24,343.4200000000019,1
411,20862.24,16613.9,-4248.34,0
412,16613.9,16064.8,-549.1000000000022,0
413,16064.8,16203.5,138.70000000000073,1
414,16203.5,17310.34,1106.8400000000001,1
415,17310.34,16940.4,-369.9399999999987,0
416,16940.4,16744.48,-195.9200000000019,0
417,16744.48,16850.51,106.02999999999884,1
418,16850.51,16633.14,-217.36999999999898,0
419,16633.14,17186.61,553.4700000000012,1
420,17186.61,21154.89,3968.279999999999,1
421,21154.89,22777.28,1622.3899999999994,1
422,22777.28,23695.46,918.1800000000003,1
423,23695.46,22792.67,-902.7900000000009,0
424,22792.67,21823.93,-968.739999999998,0
425,21823.93,24508.53,2684.5999999999985,1
426,24508.53,23410.77,-1097.7599999999984,0
427,23410.77,22408.75,-1002.0200000000004,0
428,22408.75,22468.15,59.400000000001455,1
429,22468.15,27714.8,5246.649999999998,1
430,27714.8,27813.16,98.36000000000058,1
431,27813.16,27791.37,-21.790000000000873,0
432,27791.37,28293.21,501.84000000000015,1
433,28293.21,29926.86,1633.6500000000015,1
434,29926.86,27550.13,-2376.7299999999996,0
435,27550.13,28603.49,1053.3600000000006,1
436,28603.49,28322.57,-280.9200000000019,0
437,28322.57,27486.68,-835.8899999999994,0
438,27486.68,26831.48,-655.2000000000007,0
439,26831.48,28012.92,1181.4399999999987,1
440,28012.92,26784.31,-1228.609999999997,0
441,26784.31,25853.23,-931.0800000000017,0
442,25853.23,26422.37,569.1399999999994,1
443,26422.37,30477.61,4055.2400000000016,1
444,30477.61,30651.95,174.34000000000015,1
445,30651.95,30092.96,-558.9900000000016,0
446,30092.96,30283.0,190.04000000000087,1
447,30283.0,29782.82,-500.1800000000003,0
448,29782.82,29410.09,-372.72999999999956,0
449,29410.09,29005.68,-404.40999999999985,0
450,29005.68,29384.58,378.90000000000146,1
451,29384.58,26031.8,-3352.7800000000025,0
452,26031.8,25935.83,-95.96999999999753,0
453,25935.83,25962.21,26.37999999999738,1
454,25962.21,25832.66,-129.54999999999927,0
455,25832.66,26635.47,802.8100000000013,1
456,26635.47,26142.18,-493.2900000000009,0
457,26142.18,28107.22,1965.0400000000009,1
458,28107.22,27915.4,-191.8199999999997,0
459,27915.4,27822.0,-93.40000000000146,0
460,27822.0,30687.11,2865.1100000000006,1
461,30687.11,34310.34,3623.229999999996,1
462,34310.34,34882.65,572.310000000005,1
463,34882.65,36985.34,2102.689999999995,1
464,36985.34,37205.69,220.35000000000582,1
465,37205.69,37286.22,80.52999999999884,1
466,37286.22,41379.97,4093.75,1
467,41379.97,42122.13,742.1599999999962,1
468,42122.13,41168.27,-953.8600000000006,0
469,41168.27,43254.24,2085.970000000001,1
470,43254.24,42399.94,-854.2999999999956,0
471,42399.94,43926.07,1526.1299999999974,1
472,43926.07,42638.32,-1287.75,0
473,42638.32,41175.5,-1462.8199999999997,0
474,41175.5,42150.55,975.0500000000029,1
475,42150.55,42777.6,627.0499999999956,1
476,42777.6,48162.33,5384.730000000003,1
477,48162.33,52391.44,4229.110000000001,1
478,52391.44,51526.12,-865.3199999999997,0
479,51526.12,63713.67,12187.549999999996,1
480,63713.67,69326.01,5612.3399999999965,1
481,69326.01,68462.52,-863.4899999999907,0
482,68462.52,67179.44,-1283.0800000000017,0
483,67179.44,69648.68,2469.2399999999907,1
484,69648.68,69808.27,159.59000000001106,1
485,69808.27,66545.57,-3262.699999999997,0
486,66545.57,66355.6,-189.97000000000116,0
487,66355.6,62195.88,-4159.720000000008,0
488,62195.88,64249.55,2053.6700000000055,1
489,64249.55,61492.42,-2757.1300000000047,0
490,61492.42,66420.07,4927.650000000009,1
491,66420.07,68375.98,1955.909999999989,1
492,68375.98,69004.2,628.2200000000012,1
493,69004.2,69418.63,414.43000000000757,1
494,69418.63,66095.65,-3322.9800000000105,0
495,66095.65,62360.36,-3735.2899999999936,0
496,62360.36,63347.09,986.7299999999959,1
497,63347.09,55648.48,-7698.609999999993,0
498,55648.48,62912.24,7263.759999999995,1
499,62912.24,67421.4,4509.159999999996,1
500,67421.4,69599.37,2177.970000000001,1
501,69599.37,51567.12,-18032.249999999993,0
502,51567.12,58415.41,6848.290000000001,1
503,58415.41,58585.8,170.38999999999942,1
504,58585.8,63744.17,5158.369999999995,1
505,63744.17,57693.38,-6050.790000000001,0
506,57693.38,54898.6,-2794.779999999999,0
507,54898.6,58708.17,3809.5699999999997,1
508,58708.17,63667.03,4958.860000000001,1
509,63667.03,64345.28,678.25,1
510,64345.28,63705.66,-639.6199999999953,0
511,63705.66,64060.84,355.179999999993,1
512,64060.84,68676.33,4615.490000000005,1
513,68676.33,67864.43,-811.9000000000087,0
514,67864.43,69067.73,1203.300000000003,1
515,69067.73,80964.44,11896.710000000006,1
516,80964.44,92067.52,11103.080000000002,1
517,92067.52,98196.35,6128.830000000002,1
518,98196.35,96338.36,-1857.9900000000052,0
519,96338.36,99111.53,2773.1699999999983,1
520,99111.53,105120.99,6009.460000000006,1
521,105120.99,94744.43,-10376.560000000012,0
522,94744.43,93695.57,-1048.859999999986,0
523,93695.57,99483.51,5787.939999999988,1
524,99483.51,93573.63,-5909.87999999999,0
525,93573.63,107304.25,13730.619999999995,1
526,107304.25,98900.7,-8403.550000000003,0
527,98900.7,93987.29,-4913.4100000000035,0
528,93987.29,97173.89,3186.600000000006,1
529,97173.89,96394.16,-779.7299999999959,0
530,96394.16,95878.88,-515.2799999999988,0
531,95878.88,91614.84,-4264.040000000008,0
532,91614.84,82335.65,-9279.190000000002,0
533,82335.65,83207.13,871.4800000000105,1
534,83207.13,87122.43,3915.2999999999884,1
535,87122.43,82042.99,-5079.439999999988,0
536,82042.99,74721.88,-7321.110000000001,0
537,74721.88,84604.81,9882.929999999993,1
538,84604.81,87512.44,2907.6300000000047,1
539,87512.44,94628.34,7115.899999999994,1
540,94628.34,94835.45,207.11000000000058,1
541,94835.45,104389.81,9554.36,1
542,104389.81,102240.61,-2149.199999999997,0
543,102240.61,109980.87,7740.259999999995,1
544,109980.87,104903.68,-5077.190000000002,0
545,105218.35,105443.2,224.84999999999127,1
546,105739.11,106604.9,865.7899999999936,1
547,106624.08,101845.77,-4778.309999999998,0
548,101990.44,108287.41,6296.970000000001,1
549,107608.27,109105.99,1497.7200000000012,1
550,108795.11,122434.16,13639.050000000003,1
551,122143.07,118469.26,-3673.810000000012,0
552,119198.24,119564.69,366.4499999999971,1
553,119487.51,114427.23,-5060.279999999999,0
554,114451.27,122076.73,7625.459999999992,1
555,122288.75,115778.7,-6510.050000000003,0
556,115326.05,112354.63,-2971.4199999999983,0
557,111917.08,107894.06,-4023.020000000004,0
558,108083.97,111042.27,2958.300000000003,1
559,111124.25,116581.2,5456.949999999997,1
560,116175.38,113551.56,-2623.820000000007,0
561,112910.45,111837.72,-1072.729999999996,0
562,111706.41,123655.69,11949.279999999999,1
563,123986.49,110433.79,-13552.700000000012,0
